dataset,mode,variant,total_energy_j
sz,aefl,,294.8729190349578
sz,fedavg,,322.0846939802169
sz,fedprox,,288.9139925956725
pems08,aefl,,2749.8847651958463
pems08,fedavg,,2691.138720679283
pems08,fedprox,,3017.97157626152
los,aefl,,227.20281653404228
los,fedavg,,237.9885509490966
los,fedprox,,260.00344698429103
